k,hit,std,model
1,0.3111814775904163,0.04055124859905916,deepfm
2,0.42956945848392464,0.038539698815836305,deepfm
3,0.48611191036577406,0.026431793168261303,deepfm
5,0.5653201540745009,0.02545641345851482,deepfm
10,0.6789576937184738,0.030019415908959474,deepfm
15,0.7415578772998846,0.021121541333438288,deepfm
20,0.791505705641048,0.016893361305632282,deepfm
30,0.8386316856240682,0.014560344978949388,deepfm
